{
  "project_info": {
    "project_number": "825105051948",
    "firebase_url": "https://pc-cons.firebaseio.com",
    "project_id": "pc-cons",
    "storage_bucket": "pc-cons.appspot.com"
  },
  "client": [
    {
      "client_info": {
        "mobilesdk_app_id": "1:825105051948:android:e7bda299af3d113c4d7c89",
        "android_client_info": {
          "package_name": "com.example.pc_constructor_a"
        }
      },
      "oauth_client": [
        {
          "client_id": "825105051948-53r7fth0esplb5qv4k8i5e1t6pf251il.apps.googleusercontent.com",
          "client_type": 3
        }
      ],
      "api_key": [
        {
          "current_key": "AIzaSyA2D1JRez3LS17izaS8wFCDP8bdU62C9AM"
        }
      ],
      "services": {
        "appinvite_service": {
          "other_platform_oauth_client": [
            {
              "client_id": "825105051948-53r7fth0esplb5qv4k8i5e1t6pf251il.apps.googleusercontent.com",
              "client_type": 3
            }
          ]
        }
      }
    }
  ],
  "configuration_version": "1"
}